{
  "respondent": {
    "properties": {
      "Nutrition_Green_times_per_day": {
        "type": "double"
      },
      "Number_of_Children": {
        "type": "keyword"
      },
      "Coordinates": {
        "type": "geo_point"
      },
      "Nutrition_Fruit_times_per_day": {
        "type": "double"
      },
      "College_Housing": {
        "type": "keyword"
      },
      "Height": {
        "type": "keyword"
      },
      "Interview_Month": {
        "type": "long"
      },
      "Difficulty_walking__climbing": {
        "type": "keyword"
      },
      "Activity_1_intensity": {
        "type": "keyword"
      },
      "BMI_Obesity": {
        "type": "keyword"
      },
      "Nutrition_Sugar_fruit_drinks": {
        "type": "keyword"
      },
      "Total_Vigorous_Activity_weekly_duration_minutes": {
        "type": "double"
      },
      "Days_of_Poor_Health_past_30_days": {
        "type": "double"
      },
      "Income": {
        "type": "keyword"
      },
      "Difficulty_decision_making": {
        "type": "keyword"
      },
      "Physical_activity_2": {
        "type": "keyword"
      },
      "Interview_Day": {
        "type": "long"
      },
      "Difficulty_running_errands": {
        "type": "keyword"
      },
      "Activity_2_weekly_freq": {
        "type": "double"
      },
      "Physical_activity_1": {
        "type": "keyword"
      },
      "Activity_2_MET": {
        "type": "double"
      },
      "Physical_activity_2__frequency": {
        "type": "keyword"
      },
      "Activity_1_MET": {
        "type": "double"
      },
      "Private_Residence": {
        "type": "keyword"
      },
      "Nutrition_Sugar_Drinks": {
        "type": "keyword"
      },
      "Activity_1_weekly_duration_minutes": {
        "type": "double"
      },
      "File_Month": {
        "type": "long"
      },
      "Interview_Year": {
        "type": "double"
      },
      "Weight": {
        "type": "keyword"
      },
      "Demo_edu_level": {
        "type": "keyword"
      },
      "Alcohol_Drinks_per_occasion": {
        "type": "long"
      },
      "Limited_physical_activity": {
        "type": "keyword"
      },
      "Served_on_Active_Duty": {
        "type": "keyword"
      },
      "Interview_Date": {
        "format": "dateOptionalTime",
        "type": "date"
      },
      "Nutrition_Beans_consumption": {
        "type": "keyword"
      },
      "General_Health": {
        "type": "keyword"
      },
      "Functional_capacity": {
        "type": "double"
      },
      "Vigorous_Activity_2_weekly_duration_minutes": {
        "type": "double"
      },
      "Nutrition_Fruit_juice_times_per_day": {
        "type": "double"
      },
      "Alcohol_Binge_days_per_month": {
        "type": "double"
      },
      "Longitude": {
        "type": "double"
      },
      "Alcohol_Frequency": {
        "type": "keyword"
      },
      "Smoke_tried_to_quit": {
        "type": "keyword"
      },
      "Weight_kg": {
        "type": "double"
      },
      "Had_Stroke": {
        "type": "keyword"
      },
      "Latitude": {
        "type": "double"
      },
      "Muscle_strengthening_guideline": {
        "type": "keyword"
      },
      "State": {
        "type": "keyword"
      },
      "Max_O2_consumption": {
        "type": "double"
      },
      "Total_Activity_weekly_duration_minutes": {
        "type": "double"
      },
      "Activity_index": {
        "type": "keyword"
      },
      "Alcohol_Drinks_per_month": {
        "type": "double"
      },
      "Physical_Health": {
        "type": "double"
      },
      "Exercise": {
        "type": "keyword"
      },
      "Alcohol_Max_drinks": {
        "type": "double"
      },
      "Alcohol_Binge_drinker": {
        "type": "keyword"
      },
      "Gender": {
        "type": "keyword"
      },
      "Last_Cholesterol_Check": {
        "type": "keyword"
      },
      "Is_Adult": {
        "type": "keyword"
      },
      "BMI": {
        "type": "double"
      },
      "Mental_Health": {
        "type": "double"
      },
      "Smoke_GT_100_cigarettes": {
        "type": "keyword"
      },
      "Nutrition_Orange_veg_times_per_day": {
        "type": "double"
      },
      "Nutrition_Beans_times_per_day": {
        "type": "double"
      },
      "Had_Diabetes": {
        "type": "keyword"
      },
      "Demo_income_group": {
        "type": "keyword"
      },
      "Physical_activity_1__duration": {
        "type": "double"
      },
      "Strength_Activity_Weekly_frequency": {
        "type": "double"
      },
      "Activity_yes__no": {
        "type": "keyword"
      },
      "Smoke_current_status": {
        "type": "keyword"
      },
      "Had_Heart_Attack": {
        "type": "keyword"
      },
      "Alcohol_any_drink_in_last_month": {
        "type": "keyword"
      },
      "SEQN": {
        "type": "keyword"
      },
      "BP_Meds": {
        "type": "keyword"
      },
      "Smoke_time_since_last_smoke": {
        "type": "keyword"
      },
      "Alcohol_Drinks_per_day": {
        "type": "long"
      },
      "Nutrition_Fruit_juice_consumption": {
        "type": "keyword"
      },
      "Activity_2_intensity": {
        "type": "keyword"
      },
      "Educatio_Level": {
        "type": "keyword"
      },
      "BMI_Category": {
        "type": "keyword"
      },
      "Physical_activity_2__duration": {
        "type": "double"
      },
      "Uses_special_equipment": {
        "type": "keyword"
      },
      "Activity_1_duration_minutes": {
        "type": "double"
      },
      "Age_category": {
        "type": "keyword"
      },
      "Nutrition_Fruit_consumption": {
        "type": "double"
      },
      "Nutrition_Orange_veg_consumption": {
        "type": "keyword"
      },
      "Activity_2_weekly_duration_minutes": {
        "type": "double"
      },
      "Height_inches": {
        "type": "double"
      },
      "Employment": {
        "type": "keyword"
      },
      "Nutrition_Vegetable_per_day": {
        "type": "double"
      },
      "Nutrition_Vegetable_times_per_day": {
        "type": "double"
      },
      "Aerobic_and_strengthening_guideline": {
        "type": "keyword"
      },
      "Had_Heart_Disease": {
        "type": "keyword"
      },
      "High_BP": {
        "type": "keyword"
      },
      "Difficulty_dressing__bathing": {
        "type": "keyword"
      },
      "Physical_activity_1__frequency": {
        "type": "keyword"
      },
      "Sleep_per_day_hours": {
        "type": "long"
      },
      "Vigorous_Activity_1_weekly_duration_minutes": {
        "type": "double"
      },
      "Nutrition_Greens_consumption": {
        "type": "keyword"
      },
      "High_Cholesterol": {
        "type": "keyword"
      },
      "Activity_2_duration_minutes": {
        "type": "double"
      },
      "Activity_1_weekly_freq": {
        "type": "double"
      },
      "Smoke_smoker_type": {
        "type": "keyword"
      },
      "Activity_category": {
        "type": "keyword"
      },
      "Marital": {
        "type": "keyword"
      },
      "Var": {
        "type": "keyword"
      },
      "Nutrition_Fruit_per_day": {
        "type": "double"
      },
      "Height_m": {
        "type": "double"
      },
      "Primary_Sampling_Unit": {
        "type": "keyword"
      },
      "Nutrition_Other_veg_consumption": {
        "type": "keyword"
      },
      "Cholesterol_Awareness": {
        "type": "keyword"
      },
      "Smoke_current_smoker": {
        "type": "keyword"
      }
    }
  }
}
