[
  {
    "_id": "BRFSS:-Fitness",
    "_type": "dashboard",
    "_source": {
      "title": "BRFSS: Fitness",
      "hits": 0,
      "description": "",
      "panelsJSON": "[{\"col\":1,\"id\":\"BRFSS:-Count-vs.-Duration-(Activity-1)\",\"row\":11,\"size_x\":12,\"size_y\":4,\"type\":\"visualization\"},{\"col\":1,\"id\":\"BRFSS:-Weekly-activity-map\",\"row\":15,\"size_x\":8,\"size_y\":4,\"type\":\"visualization\"},{\"col\":1,\"id\":\"BRFSS:-Male-to-female\",\"row\":4,\"size_x\":3,\"size_y\":3,\"type\":\"visualization\"},{\"col\":1,\"id\":\"BRFSS:-Respondents\",\"row\":1,\"size_x\":3,\"size_y\":3,\"type\":\"visualization\"},{\"col\":10,\"id\":\"BRFSS:-Aerobic-guidelines\",\"row\":4,\"size_x\":3,\"size_y\":3,\"type\":\"visualization\"},{\"col\":7,\"id\":\"BRFSS:-Strength-guidelines\",\"row\":4,\"size_x\":3,\"size_y\":3,\"type\":\"visualization\"},{\"col\":4,\"id\":\"BRFSS:-Exercise\",\"row\":4,\"size_x\":3,\"size_y\":3,\"type\":\"visualization\"},{\"col\":4,\"id\":\"BRFSS:-Interview-timeline\",\"row\":1,\"size_x\":9,\"size_y\":3,\"type\":\"visualization\"},{\"col\":1,\"id\":\"BRFSS:-Interview-time-vs-fitness\",\"row\":7,\"size_x\":8,\"size_y\":4,\"type\":\"visualization\"},{\"col\":9,\"id\":\"BRFSS:-Popular-Activity-(pie)\",\"row\":7,\"size_x\":4,\"size_y\":4,\"type\":\"visualization\"},{\"col\":9,\"id\":\"BRFSS:-Least-Active-States\",\"row\":17,\"size_x\":4,\"size_y\":2,\"type\":\"visualization\"},{\"col\":9,\"id\":\"BRFSS:-Most-Active-States\",\"row\":15,\"size_x\":4,\"size_y\":2,\"type\":\"visualization\"},{\"col\":1,\"id\":\"BRFSS:-Education-vs-activity\",\"row\":19,\"size_x\":6,\"size_y\":3,\"type\":\"visualization\"},{\"col\":7,\"id\":\"BRFSS:-Income-group-vs-activity\",\"row\":19,\"size_x\":6,\"size_y\":3,\"type\":\"visualization\"},{\"col\":1,\"id\":\"BRFSS:-Age-vs.-MET\",\"row\":22,\"size_x\":6,\"size_y\":3,\"type\":\"visualization\"},{\"col\":7,\"id\":\"BRFSS:-Age-vs.-Intensity\",\"row\":22,\"size_x\":6,\"size_y\":3,\"type\":\"visualization\"},{\"col\":1,\"id\":\"BRFSS:-Activity-vs-guidelines\",\"row\":25,\"size_x\":12,\"size_y\":4,\"type\":\"visualization\"}]",
      "optionsJSON": "{\"darkTheme\":false}",
      "uiStateJSON": "{}",
      "version": 1,
      "timeRestore": true,
      "timeTo": "2014-05-29T22:28:06.565Z",
      "timeFrom": "2012-11-25T00:43:04.580Z",
      "kibanaSavedObjectMeta": {
        "searchSourceJSON": "{\"filter\":[{\"query\":{\"query_string\":{\"analyze_wildcard\":true,\"query\":\"*\"}}}]}"
      }
    }
  },
  {
    "_id": "BRFSS:-Nutrition",
    "_type": "dashboard",
    "_source": {
      "title": "BRFSS: Nutrition",
      "hits": 0,
      "description": "",
      "panelsJSON": "[\n  {\n    \"col\": 1,\n    \"id\": \"BRFSS-Nutrition:-Vegetable-consumption-map-(times-per-day-x-100)\",\n    \"row\": 1,\n    \"size_x\": 6,\n    \"size_y\": 4,\n    \"type\": \"visualization\"\n  },\n  {\n    \"col\": 7,\n    \"id\": \"BRFSS-Nutrition:-Bean-consumption-map-(times-per-day-x-100)\",\n    \"row\": 1,\n    \"size_x\": 6,\n    \"size_y\": 4,\n    \"type\": \"visualization\"\n  },\n  {\n    \"col\": 7,\n    \"id\": \"BRFSS-Nutrition:-Income-vs-Bean-ampersand-Green-consumption-(times-per-day-x-100)\",\n    \"row\": 5,\n    \"size_x\": 6,\n    \"size_y\": 4,\n    \"type\": \"visualization\"\n  },\n  {\n    \"col\": 1,\n    \"id\": \"BRFSS-Nutrition:-Fruit-consumption-map-(times-per-day-x-100)\",\n    \"row\": 5,\n    \"size_x\": 6,\n    \"size_y\": 4,\n    \"type\": \"visualization\"\n  },\n  {\n    \"col\": 1,\n    \"id\": \"BRFSS-Nutrition:-Fruit-juice-consumption-(times-per-day-x-100)\",\n    \"row\": 9,\n    \"size_x\": 12,\n    \"size_y\": 4,\n    \"type\": \"visualization\"\n  },\n  {\n    \"col\": 1,\n    \"id\": \"BRFSS-Nutrition:-Binge-Drinking-vs.-Age\",\n    \"row\": 13,\n    \"size_x\": 6,\n    \"size_y\": 3,\n    \"type\": \"visualization\"\n  },\n  {\n    \"col\": 7,\n    \"id\": \"BRFSS-Nutrition:-Monthly-alcohol-vs.-Age\",\n    \"row\": 13,\n    \"size_x\": 6,\n    \"size_y\": 3,\n    \"type\": \"visualization\"\n  },\n  {\n    \"col\": 1,\n    \"id\": \"BRFSS-Nutrition:-Monthly-alcohol-consumption-(age-ampersand-income)\",\n    \"row\": 16,\n    \"size_x\": 12,\n    \"size_y\": 4,\n    \"type\": \"visualization\"\n  },\n  {\n    \"col\": 7,\n    \"id\": \"BRFSS-Nutrition:-Monthly-alcohol-consumption-(edu-ampersand-marital)\",\n    \"row\": 20,\n    \"size_x\": 6,\n    \"size_y\": 4,\n    \"type\": \"visualization\"\n  },\n  {\n    \"col\": 1,\n    \"id\": \"BRFSS-Nutrition:-Binge-Drinking-(edu-ampersand-marital)\",\n    \"row\": 20,\n    \"size_x\": 6,\n    \"size_y\": 4,\n    \"type\": \"visualization\"\n  }\n]",
      "optionsJSON": "{\"darkTheme\":false}",
      "uiStateJSON": "{}",
      "version": 1,
      "timeRestore": true,
      "timeTo": "2014-05-29T22:28:06.565Z",
      "timeFrom": "2012-11-25T00:43:04.580Z",
      "kibanaSavedObjectMeta": {
        "searchSourceJSON": "{\"filter\":[{\"query\":{\"query_string\":{\"analyze_wildcard\":true,\"query\":\"*\"}}}]}"
      }
    }
  },
  {
    "_id": "BRFSS:-Age-vs.-Intensity",
    "_type": "visualization",
    "_source": {
      "title": "BRFSS: Age vs. Intensity",
      "visState": "{\"type\":\"histogram\",\"params\":{\"shareYAxis\":true,\"addTooltip\":true,\"addLegend\":true,\"scale\":\"linear\",\"mode\":\"percentage\",\"times\":[],\"addTimeMarker\":false,\"defaultYExtents\":false,\"setYExtents\":false,\"yAxis\":{}},\"aggs\":[{\"id\":\"3\",\"type\":\"terms\",\"schema\":\"segment\",\"params\":{\"field\":\"Age_category\",\"size\":20,\"order\":\"desc\",\"orderBy\":\"custom\",\"orderAgg\":{\"id\":\"3-orderAgg\",\"type\":\"max\",\"schema\":{\"group\":\"none\",\"name\":\"orderAgg\",\"title\":\"Order Agg\",\"aggFilter\":[\"!percentiles\",\"!median\",\"!std_dev\"],\"min\":0,\"max\":null,\"editor\":false,\"params\":[],\"deprecate\":false},\"params\":{\"field\":\"Physical_activity_1__duration\"}}}},{\"id\":\"2\",\"type\":\"count\",\"schema\":\"metric\",\"params\":{}},{\"id\":\"4\",\"type\":\"terms\",\"schema\":\"group\",\"params\":{\"field\":\"Activity_1_intensity\",\"size\":5,\"order\":\"desc\",\"orderBy\":\"custom\",\"orderAgg\":{\"id\":\"4-orderAgg\",\"type\":\"count\",\"schema\":{\"group\":\"none\",\"name\":\"orderAgg\",\"title\":\"Order Agg\",\"aggFilter\":[\"!percentiles\",\"!median\",\"!std_dev\"],\"min\":0,\"max\":null,\"editor\":false,\"params\":[],\"deprecate\":false},\"params\":{}}}}],\"listeners\":{},\"title\":\"BRFSS: Age vs. Intensity\"}",
      "uiStateJSON": "{}",
      "description": "",
      "version": 1,
      "kibanaSavedObjectMeta": {
        "searchSourceJSON": "{\"index\":\"brfss\",\"query\":{\"query_string\":{\"query\":\"Gender: Male\",\"analyze_wildcard\":true}},\"filter\":[{\"meta\":{\"index\":\"brfss\",\"key\":\"Age_category\",\"value\":\"Don’t know/Refused/Missing\",\"disabled\":false,\"negate\":true,\"apply\":true},\"query\":{\"match\":{\"Age_category\":{\"query\":\"Don’t know/Refused/Missing\",\"type\":\"phrase\"}}}},{\"meta\":{\"index\":\"brfss\",\"key\":\"Activity_1_intensity\",\"value\":\" \",\"disabled\":false,\"negate\":true,\"apply\":true},\"query\":{\"match\":{\"Activity_1_intensity\":{\"query\":\" \",\"type\":\"phrase\"}}}}]}"
      }
    }
  },
  {
    "_id": "BRFSS-Nutrition:-Monthly-alcohol-consumption-(age-ampersand-income)",
    "_type": "visualization",
    "_source": {
      "title": "BRFSS Nutrition: Monthly alcohol consumption (age & income)",
      "visState": "{\"type\":\"line\",\"params\":{\"addLegend\":true,\"addTimeMarker\":false,\"addTooltip\":true,\"defaultYExtents\":true,\"drawLinesBetweenPoints\":true,\"interpolate\":\"linear\",\"radiusRatio\":\"13\",\"scale\":\"linear\",\"setYExtents\":false,\"shareYAxis\":true,\"showCircles\":true,\"smoothLines\":true,\"times\":[],\"yAxis\":{}},\"aggs\":[{\"id\":\"1\",\"type\":\"avg\",\"schema\":\"metric\",\"params\":{\"field\":\"Alcohol_Drinks_per_month\"}},{\"id\":\"4\",\"type\":\"terms\",\"schema\":\"group\",\"params\":{\"field\":\"Demo_income_group\",\"size\":5,\"order\":\"desc\",\"orderBy\":\"custom\",\"orderAgg\":{\"id\":\"4-orderAgg\",\"type\":\"avg\",\"schema\":{\"group\":\"none\",\"name\":\"orderAgg\",\"title\":\"Order Agg\",\"aggFilter\":[\"!percentiles\",\"!median\",\"!std_dev\"],\"min\":0,\"max\":null,\"editor\":false,\"params\":[],\"deprecate\":false},\"params\":{\"field\":\"Drink_occasions_per_day\"}}}},{\"id\":\"2\",\"type\":\"terms\",\"schema\":\"segment\",\"params\":{\"field\":\"Age_category\",\"size\":50,\"order\":\"desc\",\"orderBy\":\"custom\",\"orderAgg\":{\"id\":\"2-orderAgg\",\"type\":\"avg\",\"schema\":{\"group\":\"none\",\"name\":\"orderAgg\",\"title\":\"Order Agg\",\"aggFilter\":[\"!percentiles\",\"!median\",\"!std_dev\"],\"min\":0,\"max\":null,\"editor\":false,\"params\":[],\"deprecate\":false},\"params\":{\"field\":\"Max_O2_consumption\"}}}},{\"id\":\"5\",\"type\":\"count\",\"schema\":\"radius\",\"params\":{}}],\"listeners\":{},\"title\":\"BRFSS Nutrition: Monthly alcohol consumption (age & income)\"}",
      "uiStateJSON": "{}",
      "description": "",
      "version": 1,
      "kibanaSavedObjectMeta": {
        "searchSourceJSON": "{\"index\":\"brfss\",\"query\":{\"query_string\":{\"query\":\"Alcohol_Drinks_per_month: [1 TO 9998] AND Gender: Male\",\"analyze_wildcard\":true}},\"filter\":[{\"meta\":{\"index\":\"brfss\",\"key\":\"Age_category\",\"value\":\"Don’t know/Refused/Missing\",\"disabled\":false,\"negate\":true},\"query\":{\"match\":{\"Age_category\":{\"query\":\"Don’t know/Refused/Missing\",\"type\":\"phrase\"}}}},{\"meta\":{\"index\":\"brfss\",\"key\":\"Demo_income_group\",\"value\":\"Don’t know/Not sure/Missing\",\"disabled\":false,\"negate\":true,\"apply\":true},\"query\":{\"match\":{\"Demo_income_group\":{\"query\":\"Don’t know/Not sure/Missing\",\"type\":\"phrase\"}}}}]}"
      }
    }
  },
  {
    "_id": "BRFSS-Nutrition:-Monthly-alcohol-vs.-Age",
    "_type": "visualization",
    "_source": {
      "title": "BRFSS Nutrition: Monthly alcohol vs. Age",
      "visState": "{\"type\":\"line\",\"params\":{\"addLegend\":true,\"addTimeMarker\":false,\"addTooltip\":true,\"defaultYExtents\":true,\"drawLinesBetweenPoints\":true,\"interpolate\":\"linear\",\"radiusRatio\":\"13\",\"scale\":\"linear\",\"setYExtents\":false,\"shareYAxis\":true,\"showCircles\":false,\"smoothLines\":true,\"times\":[],\"yAxis\":{}},\"aggs\":[{\"id\":\"1\",\"type\":\"avg\",\"schema\":\"metric\",\"params\":{\"field\":\"Alcohol_Drinks_per_month\"}},{\"id\":\"2\",\"type\":\"terms\",\"schema\":\"segment\",\"params\":{\"field\":\"Age_category\",\"size\":50,\"order\":\"desc\",\"orderBy\":\"custom\",\"orderAgg\":{\"id\":\"2-orderAgg\",\"type\":\"avg\",\"schema\":{\"group\":\"none\",\"name\":\"orderAgg\",\"title\":\"Order Agg\",\"aggFilter\":[\"!percentiles\",\"!median\",\"!std_dev\"],\"min\":0,\"max\":null,\"editor\":false,\"params\":[],\"deprecate\":false},\"params\":{\"field\":\"Max_O2_consumption\"}}}}],\"listeners\":{},\"title\":\"BRFSS Nutrition: Monthly alcohol vs. Age\"}",
      "uiStateJSON": "{}",
      "description": "",
      "version": 1,
      "kibanaSavedObjectMeta": {
        "searchSourceJSON": "{\"index\":\"brfss\",\"query\":{\"query_string\":{\"query\":\"Alcohol_Drinks_per_month: [1 TO 9998] AND Gender: Male\",\"analyze_wildcard\":true}},\"filter\":[{\"meta\":{\"disabled\":false,\"index\":\"brfss\",\"key\":\"Age_category\",\"negate\":true,\"value\":\"Don’t know/Refused/Missing\"},\"query\":{\"match\":{\"Age_category\":{\"query\":\"Don’t know/Refused/Missing\",\"type\":\"phrase\"}}}},{\"meta\":{\"apply\":true,\"disabled\":false,\"index\":\"brfss\",\"key\":\"Aerobic_and_strengthening_guideline\",\"negate\":true,\"value\":\"Don’t know/Not Sure/Refused/Missing\"},\"query\":{\"match\":{\"Aerobic_and_strengthening_guideline\":{\"query\":\"Don’t know/Not Sure/Refused/Missing\",\"type\":\"phrase\"}}}}]}"
      }
    }
  },
  {
    "_id": "BRFSS:-Respondents",
    "_type": "visualization",
    "_source": {
      "title": "BRFSS: Respondents",
      "visState": "{\"type\":\"metric\",\"params\":{\"fontSize\":\"46\"},\"aggs\":[{\"id\":\"1\",\"type\":\"count\",\"schema\":\"metric\",\"params\":{}}],\"listeners\":{},\"title\":\"BRFSS: Respondents\"}",
      "uiStateJSON": "{}",
      "description": "",
      "version": 1,
      "kibanaSavedObjectMeta": {
        "searchSourceJSON": "{\"index\":\"brfss\",\"query\":{\"query_string\":{\"query\":\"*\",\"analyze_wildcard\":true}},\"filter\":[]}"
      }
    }
  },
  {
    "_id": "BRFSS-Nutrition:-Binge-Drinking-vs.-Age",
    "_type": "visualization",
    "_source": {
      "title": "BRFSS Nutrition: Binge Drinking vs. Age",
      "visState": "{\"type\":\"line\",\"params\":{\"addLegend\":true,\"addTimeMarker\":false,\"addTooltip\":true,\"defaultYExtents\":true,\"drawLinesBetweenPoints\":true,\"interpolate\":\"linear\",\"radiusRatio\":\"13\",\"scale\":\"linear\",\"setYExtents\":false,\"shareYAxis\":true,\"showCircles\":false,\"smoothLines\":true,\"times\":[],\"yAxis\":{}},\"aggs\":[{\"id\":\"1\",\"type\":\"avg\",\"schema\":\"metric\",\"params\":{\"field\":\"Alcohol_Binge_days_per_month\"}},{\"id\":\"2\",\"type\":\"terms\",\"schema\":\"segment\",\"params\":{\"field\":\"Age_category\",\"size\":50,\"order\":\"desc\",\"orderBy\":\"custom\",\"orderAgg\":{\"id\":\"2-orderAgg\",\"type\":\"avg\",\"schema\":{\"group\":\"none\",\"name\":\"orderAgg\",\"title\":\"Order Agg\",\"aggFilter\":[\"!percentiles\",\"!median\",\"!std_dev\"],\"min\":0,\"max\":null,\"editor\":false,\"params\":[],\"deprecate\":false},\"params\":{\"field\":\"Max_O2_consumption\"}}}}],\"listeners\":{},\"title\":\"BRFSS Nutrition: Binge Drinking vs. Age\"}",
      "uiStateJSON": "{}",
      "description": "",
      "version": 1,
      "kibanaSavedObjectMeta": {
        "searchSourceJSON": "{\"index\":\"brfss\",\"query\":{\"query_string\":{\"query\":\"Alcohol_Binge_days_per_month: [1 TO 76] AND Gender: Male\",\"analyze_wildcard\":true}},\"filter\":[{\"meta\":{\"disabled\":false,\"index\":\"brfss\",\"key\":\"Age_category\",\"negate\":true,\"value\":\"Don’t know/Refused/Missing\"},\"query\":{\"match\":{\"Age_category\":{\"query\":\"Don’t know/Refused/Missing\",\"type\":\"phrase\"}}}}]}"
      }
    }
  },
  {
    "_id": "BRFSS:-Activity-vs-guidelines",
    "_type": "visualization",
    "_source": {
      "title": "BRFSS: Activity vs guidelines",
      "visState": "{\"type\":\"area\",\"params\":{\"shareYAxis\":true,\"addTooltip\":true,\"addLegend\":true,\"smoothLines\":false,\"scale\":\"linear\",\"interpolate\":\"linear\",\"mode\":\"percentage\",\"times\":[],\"addTimeMarker\":false,\"defaultYExtents\":false,\"setYExtents\":false,\"yAxis\":{}},\"aggs\":[{\"id\":\"1\",\"type\":\"count\",\"schema\":\"metric\",\"params\":{}},{\"id\":\"2\",\"type\":\"terms\",\"schema\":\"segment\",\"params\":{\"field\":\"Physical_activity_1\",\"size\":50,\"order\":\"desc\",\"orderBy\":\"1\"}},{\"id\":\"3\",\"type\":\"terms\",\"schema\":\"group\",\"params\":{\"field\":\"Aerobic_and_strengthening_guideline\",\"size\":5,\"order\":\"desc\",\"orderBy\":\"1\"}}],\"listeners\":{},\"title\":\"BRFSS: Activity vs guidelines\"}",
      "uiStateJSON": "{}",
      "description": "",
      "version": 1,
      "kibanaSavedObjectMeta": {
        "searchSourceJSON": "{\"index\":\"brfss\",\"query\":{\"query_string\":{\"query\":\"Gender: Male\",\"analyze_wildcard\":true}},\"filter\":[{\"meta\":{\"index\":\"brfss\",\"key\":\"Physical_activity_1\",\"value\":\"\",\"disabled\":false,\"negate\":true,\"apply\":true},\"query\":{\"match\":{\"Physical_activity_1\":{\"query\":\"\",\"type\":\"phrase\"}}}},{\"meta\":{\"index\":\"brfss\",\"key\":\"Physical_activity_1\",\"value\":\"Other______\",\"disabled\":false,\"negate\":true,\"apply\":true},\"query\":{\"match\":{\"Physical_activity_1\":{\"query\":\"Other______\",\"type\":\"phrase\"}}}},{\"meta\":{\"index\":\"brfss\",\"key\":\"Physical_activity_1\",\"value\":\"DonÕt know/Not Sure\",\"disabled\":false,\"negate\":true,\"apply\":true},\"query\":{\"match\":{\"Physical_activity_1\":{\"query\":\"DonÕt know/Not Sure\",\"type\":\"phrase\"}}}},{\"meta\":{\"index\":\"brfss\",\"key\":\"Physical_activity_1\",\"value\":\"Refused\",\"disabled\":false,\"negate\":true,\"apply\":true},\"query\":{\"match\":{\"Physical_activity_1\":{\"query\":\"Refused\",\"type\":\"phrase\"}}}},{\"meta\":{\"index\":\"brfss\",\"key\":\"Aerobic_and_strengthening_guideline\",\"value\":\"Missing\",\"disabled\":false,\"negate\":true,\"apply\":true},\"query\":{\"match\":{\"Aerobic_and_strengthening_guideline\":{\"query\":\"Missing\",\"type\":\"phrase\"}}}}]}"
      }
    }
  },
  {
    "_id": "BRFSS-Nutrition:-Income-vs-Bean-ampersand-Green-consumption-(times-per-day-x-100)",
    "_type": "visualization",
    "_source": {
      "title": "BRFSS Nutrition: Income vs Bean & Green consumption (times per day x 100)",
      "visState": "{\"type\":\"line\",\"params\":{\"addLegend\":true,\"addTimeMarker\":false,\"addTooltip\":true,\"defaultYExtents\":false,\"drawLinesBetweenPoints\":true,\"interpolate\":\"linear\",\"radiusRatio\":\"19\",\"scale\":\"linear\",\"setYExtents\":true,\"shareYAxis\":true,\"showCircles\":true,\"smoothLines\":false,\"times\":[],\"yAxis\":{\"max\":35,\"min\":25}},\"aggs\":[{\"id\":\"2\",\"type\":\"terms\",\"schema\":\"segment\",\"params\":{\"field\":\"Demo_income_group\",\"size\":5,\"order\":\"desc\",\"orderBy\":\"custom\",\"orderAgg\":{\"id\":\"2-orderAgg\",\"type\":\"avg\",\"schema\":{\"group\":\"none\",\"name\":\"orderAgg\",\"title\":\"Order Agg\",\"aggFilter\":[\"!percentiles\",\"!median\",\"!std_dev\"],\"min\":0,\"max\":null,\"editor\":false,\"params\":[],\"deprecate\":false},\"params\":{\"field\":\"Activity_1_weekly_duration_minutes\"}},\"json\":\"{\\\"shard_size\\\": 1000}\"}},{\"id\":\"3\",\"type\":\"avg\",\"schema\":\"metric\",\"params\":{\"field\":\"Nutrition_Beans_times_per_day\"}},{\"id\":\"4\",\"type\":\"avg\",\"schema\":\"radius\",\"params\":{\"field\":\"Nutrition_Green_times_per_day\"}}],\"listeners\":{},\"title\":\"BRFSS Nutrition: Income vs Bean & Green consumption (times per day x 100)\"}",
      "uiStateJSON": "{}",
      "description": "",
      "version": 1,
      "kibanaSavedObjectMeta": {
        "searchSourceJSON": "{\"index\":\"brfss\",\"query\":{\"query_string\":{\"query\":\"Gender: Male\",\"analyze_wildcard\":true}},\"filter\":[{\"meta\":{\"index\":\"brfss\",\"key\":\"Demo_income_group\",\"value\":\"Don’t know/Not sure/Missing\",\"disabled\":false,\"negate\":true},\"query\":{\"match\":{\"Demo_income_group\":{\"query\":\"Don’t know/Not sure/Missing\",\"type\":\"phrase\"}}}}]}"
      }
    }
  },
  {
    "_id": "BRFSS:-Male-to-female",
    "_type": "visualization",
    "_source": {
      "title": "BRFSS: Male to female",
      "visState": "{\"type\":\"pie\",\"params\":{\"shareYAxis\":true,\"addTooltip\":true,\"addLegend\":true,\"isDonut\":false},\"aggs\":[{\"id\":\"1\",\"type\":\"count\",\"schema\":\"metric\",\"params\":{}},{\"id\":\"2\",\"type\":\"terms\",\"schema\":\"segment\",\"params\":{\"field\":\"Gender\",\"size\":5,\"order\":\"desc\",\"orderBy\":\"1\"}}],\"listeners\":{},\"title\":\"BRFSS: Male to female\"}",
      "uiStateJSON": "{}",
      "description": "",
      "version": 1,
      "kibanaSavedObjectMeta": {
        "searchSourceJSON": "{\"index\":\"brfss\",\"query\":{\"query_string\":{\"query\":\"*\",\"analyze_wildcard\":true}},\"filter\":[]}"
      }
    }
  },
  {
    "_id": "BRFSS:-Interview-timeline",
    "_type": "visualization",
    "_source": {
      "title": "BRFSS: Interview timeline",
      "visState": "{\"type\":\"histogram\",\"params\":{\"shareYAxis\":true,\"addTooltip\":true,\"addLegend\":true,\"scale\":\"linear\",\"mode\":\"stacked\",\"times\":[],\"addTimeMarker\":false,\"defaultYExtents\":false,\"setYExtents\":false,\"yAxis\":{}},\"aggs\":[{\"id\":\"1\",\"type\":\"count\",\"schema\":\"metric\",\"params\":{}},{\"id\":\"2\",\"type\":\"date_histogram\",\"schema\":\"segment\",\"params\":{\"field\":\"Interview_Date\",\"interval\":\"d\",\"customInterval\":\"2h\",\"min_doc_count\":1,\"extended_bounds\":{}}}],\"listeners\":{},\"title\":\"BRFSS: Interview timeline\"}",
      "uiStateJSON": "{}",
      "description": "",
      "version": 1,
      "kibanaSavedObjectMeta": {
        "searchSourceJSON": "{\"index\":\"brfss\",\"query\":{\"query_string\":{\"query\":\"Gender: Male\",\"analyze_wildcard\":true}},\"filter\":[]}"
      }
    }
  },
  {
    "_id": "BRFSS:-Aerobic-guidelines",
    "_type": "visualization",
    "_source": {
      "title": "BRFSS: Aerobic guidelines",
      "visState": "{\"type\":\"pie\",\"params\":{\"shareYAxis\":true,\"addTooltip\":true,\"addLegend\":true,\"isDonut\":false},\"aggs\":[{\"id\":\"1\",\"type\":\"count\",\"schema\":\"metric\",\"params\":{}},{\"id\":\"2\",\"type\":\"terms\",\"schema\":\"segment\",\"params\":{\"field\":\"Activity_index\",\"size\":5,\"order\":\"desc\",\"orderBy\":\"1\"}}],\"listeners\":{},\"title\":\"BRFSS: Aerobic guidelines\"}",
      "uiStateJSON": "{}",
      "description": "",
      "version": 1,
      "kibanaSavedObjectMeta": {
        "searchSourceJSON": "{\"index\":\"brfss\",\"query\":{\"query_string\":{\"query\":\"Gender: Male\",\"analyze_wildcard\":true}},\"filter\":[{\"meta\":{\"index\":\"brfss\",\"key\":\"Activity_index\",\"value\":\"Don’t know\",\"disabled\":false,\"negate\":true},\"query\":{\"match\":{\"Activity_index\":{\"query\":\"Don’t know\",\"type\":\"phrase\"}}}}]}"
      }
    }
  },
  {
    "_id": "BRFSS:-Exercise",
    "_type": "visualization",
    "_source": {
      "title": "BRFSS: Exercise",
      "visState": "{\"type\":\"pie\",\"params\":{\"shareYAxis\":true,\"addTooltip\":true,\"addLegend\":true,\"isDonut\":false},\"aggs\":[{\"id\":\"1\",\"type\":\"count\",\"schema\":\"metric\",\"params\":{}},{\"id\":\"2\",\"type\":\"terms\",\"schema\":\"segment\",\"params\":{\"field\":\"Activity_yes__no\",\"size\":5,\"order\":\"desc\",\"orderBy\":\"1\"}}],\"listeners\":{},\"title\":\"BRFSS: Exercise\"}",
      "uiStateJSON": "{}",
      "description": "",
      "version": 1,
      "kibanaSavedObjectMeta": {
        "searchSourceJSON": "{\"index\":\"brfss\",\"query\":{\"query_string\":{\"query\":\"*\",\"analyze_wildcard\":true}},\"filter\":[{\"meta\":{\"index\":\"brfss\",\"key\":\"Activity_yes__no\",\"value\":\"Don’t know/Not sure/Missing\",\"disabled\":false,\"negate\":true},\"query\":{\"match\":{\"Activity_yes__no\":{\"query\":\"Don’t know/Not sure/Missing\",\"type\":\"phrase\"}}}}]}"
      }
    }
  },
  {
    "_id": "BRFSS:-Popular-Activity-(pie)",
    "_type": "visualization",
    "_source": {
      "title": "BRFSS: Popular Activity (pie)",
      "visState": "{\"type\":\"pie\",\"params\":{\"shareYAxis\":true,\"addTooltip\":true,\"addLegend\":true,\"isDonut\":true},\"aggs\":[{\"id\":\"1\",\"type\":\"count\",\"schema\":\"metric\",\"params\":{}},{\"id\":\"2\",\"type\":\"terms\",\"schema\":\"segment\",\"params\":{\"field\":\"Physical_activity_1\",\"size\":25,\"order\":\"desc\",\"orderBy\":\"1\"}}],\"listeners\":{},\"title\":\"BRFSS: Popular Activity (pie)\"}",
      "uiStateJSON": "{}",
      "description": "",
      "version": 1,
      "kibanaSavedObjectMeta": {
        "searchSourceJSON": "{\"index\":\"brfss\",\"query\":{\"query_string\":{\"query\":\"Gender: Male\",\"analyze_wildcard\":true}},\"filter\":[{\"meta\":{\"index\":\"brfss\",\"key\":\"Physical_activity_1\",\"value\":\"\",\"disabled\":false,\"negate\":true},\"query\":{\"match\":{\"Physical_activity_1\":{\"query\":\"\",\"type\":\"phrase\"}}}}]}"
      }
    }
  },
  {
    "_id": "BRFSS:-Count-vs.-Duration-(Activity-1)",
    "_type": "visualization",
    "_source": {
      "title": "BRFSS: Count vs. Duration (Activity 1)",
      "visState": "{\"aggs\":[{\"id\":\"1\",\"params\":{\"field\":\"Activity_1_weekly_duration_minutes\"},\"schema\":\"metric\",\"type\":\"avg\"},{\"id\":\"2\",\"params\":{\"field\":\"Physical_activity_1\",\"order\":\"desc\",\"orderBy\":\"1\",\"size\":500},\"schema\":\"segment\",\"type\":\"terms\"},{\"id\":\"3\",\"params\":{},\"schema\":\"radius\",\"type\":\"count\"}],\"listeners\":{},\"params\":{\"addLegend\":true,\"addTimeMarker\":false,\"addTooltip\":true,\"defaultYExtents\":false,\"drawLinesBetweenPoints\":false,\"interpolate\":\"linear\",\"radiusRatio\":\"21\",\"scale\":\"linear\",\"setYExtents\":false,\"shareYAxis\":true,\"showCircles\":true,\"smoothLines\":false,\"times\":[],\"yAxis\":{}},\"type\":\"line\",\"title\":\"BRFSS: Count vs. Duration (Activity 1)\"}",
      "uiStateJSON": "{}",
      "description": "",
      "version": 1,
      "kibanaSavedObjectMeta": {
        "searchSourceJSON": "{\"index\":\"brfss\",\"query\":{\"query_string\":{\"query\":\"Gender: Male AND Activity_1_weekly_duration_minutes: [0 TO 99999]\",\"analyze_wildcard\":true}},\"filter\":[{\"meta\":{\"disabled\":false,\"index\":\"brfss\",\"key\":\"Physical_activity_1\",\"negate\":true,\"value\":\"\"},\"query\":{\"match\":{\"Physical_activity_1\":{\"query\":\"\",\"type\":\"phrase\"}}}},{\"meta\":{\"disabled\":false,\"index\":\"brfss\",\"key\":\"Physical_activity_1\",\"negate\":true,\"value\":\"Other______\"},\"query\":{\"match\":{\"Physical_activity_1\":{\"query\":\"Other______\",\"type\":\"phrase\"}}}}]}"
      }
    }
  },
  {
    "_id": "BRFSS:-Age-vs.-MET",
    "_type": "visualization",
    "_source": {
      "title": "BRFSS: Age vs. MET",
      "visState": "{\"type\":\"histogram\",\"params\":{\"addLegend\":true,\"addTimeMarker\":false,\"addTooltip\":true,\"defaultYExtents\":false,\"mode\":\"percentage\",\"scale\":\"linear\",\"setYExtents\":false,\"shareYAxis\":true,\"times\":[],\"yAxis\":{}},\"aggs\":[{\"id\":\"3\",\"type\":\"terms\",\"schema\":\"segment\",\"params\":{\"field\":\"Age_category\",\"size\":20,\"order\":\"desc\",\"orderBy\":\"custom\",\"orderAgg\":{\"id\":\"3-orderAgg\",\"type\":\"max\",\"schema\":{\"group\":\"none\",\"name\":\"orderAgg\",\"title\":\"Order Agg\",\"aggFilter\":[\"!percentiles\",\"!median\",\"!std_dev\"],\"min\":0,\"max\":null,\"editor\":false,\"params\":[],\"deprecate\":false},\"params\":{\"field\":\"Physical_activity_1__duration\"}}}},{\"id\":\"2\",\"type\":\"count\",\"schema\":\"metric\",\"params\":{}},{\"id\":\"4\",\"type\":\"histogram\",\"schema\":\"group\",\"params\":{\"field\":\"Activity_1_MET\",\"interval\":1,\"extended_bounds\":{}}}],\"listeners\":{},\"title\":\"BRFSS: Age vs. MET\"}",
      "uiStateJSON": "{}",
      "description": "",
      "version": 1,
      "kibanaSavedObjectMeta": {
        "searchSourceJSON": "{\"index\":\"brfss\",\"query\":{\"query_string\":{\"query\":\"Gender: Male AND Activity_1_MET : [0.1 TO 12.8 ]\",\"analyze_wildcard\":true}},\"filter\":[{\"meta\":{\"apply\":true,\"disabled\":false,\"index\":\"brfss\",\"key\":\"Age_category\",\"negate\":true,\"value\":\"Don’t know/Refused/Missing\"},\"query\":{\"match\":{\"Age_category\":{\"query\":\"Don’t know/Refused/Missing\",\"type\":\"phrase\"}}}}]}"
      }
    }
  },
  {
    "_id": "BRFSS:-Income-group-vs-activity",
    "_type": "visualization",
    "_source": {
      "title": "BRFSS: Income group vs activity",
      "visState": "{\"type\":\"pie\",\"params\":{\"shareYAxis\":true,\"addTooltip\":true,\"addLegend\":true,\"isDonut\":true},\"aggs\":[{\"id\":\"1\",\"type\":\"count\",\"schema\":\"metric\",\"params\":{}},{\"id\":\"4\",\"type\":\"terms\",\"schema\":\"split\",\"params\":{\"field\":\"Demo_income_group\",\"size\":5,\"order\":\"desc\",\"orderBy\":\"custom\",\"orderAgg\":{\"id\":\"4-orderAgg\",\"type\":\"avg\",\"schema\":{\"group\":\"none\",\"name\":\"orderAgg\",\"title\":\"Order Agg\",\"aggFilter\":[\"!percentiles\",\"!median\",\"!std_dev\"],\"min\":0,\"max\":null,\"editor\":false,\"params\":[],\"deprecate\":false},\"params\":{\"field\":\"Activity_1_MET\"}},\"row\":false}},{\"id\":\"3\",\"type\":\"terms\",\"schema\":\"segment\",\"params\":{\"field\":\"Aerobic_and_strengthening_guideline\",\"size\":5,\"order\":\"desc\",\"orderBy\":\"1\"}}],\"listeners\":{},\"title\":\"BRFSS: Income group vs activity\"}",
      "uiStateJSON": "{}",
      "description": "",
      "version": 1,
      "kibanaSavedObjectMeta": {
        "searchSourceJSON": "{\"index\":\"brfss\",\"query\":{\"query_string\":{\"query\":\"Gender: Male\",\"analyze_wildcard\":true}},\"filter\":[{\"meta\":{\"index\":\"brfss\",\"key\":\"Activity_category\",\"value\":\"Don’t know\",\"disabled\":false,\"negate\":true,\"apply\":true},\"query\":{\"match\":{\"Activity_category\":{\"query\":\"Don’t know\",\"type\":\"phrase\"}}}},{\"meta\":{\"index\":\"brfss\",\"key\":\"Demo_income_group\",\"value\":\"Don’t know/Not sure/Missing\",\"disabled\":false,\"negate\":true,\"apply\":true},\"query\":{\"match\":{\"Demo_income_group\":{\"query\":\"Don’t know/Not sure/Missing\",\"type\":\"phrase\"}}}}]}"
      }
    }
  },
  {
    "_id": "BRFSS:-Education-vs-activity",
    "_type": "visualization",
    "_source": {
      "title": "BRFSS: Education vs activity",
      "visState": "{\"type\":\"pie\",\"params\":{\"shareYAxis\":true,\"addTooltip\":true,\"addLegend\":true,\"isDonut\":true},\"aggs\":[{\"id\":\"1\",\"type\":\"count\",\"schema\":\"metric\",\"params\":{}},{\"id\":\"4\",\"type\":\"terms\",\"schema\":\"split\",\"params\":{\"field\":\"Demo_edu_level\",\"size\":5,\"order\":\"desc\",\"orderBy\":\"custom\",\"orderAgg\":{\"id\":\"4-orderAgg\",\"type\":\"avg\",\"schema\":{\"group\":\"none\",\"name\":\"orderAgg\",\"title\":\"Order Agg\",\"aggFilter\":[\"!percentiles\",\"!median\",\"!std_dev\"],\"min\":0,\"max\":null,\"editor\":false,\"params\":[],\"deprecate\":false},\"params\":{\"field\":\"Activity_1_MET\"}},\"row\":false}},{\"id\":\"3\",\"type\":\"terms\",\"schema\":\"segment\",\"params\":{\"field\":\"Aerobic_and_strengthening_guideline\",\"size\":5,\"order\":\"desc\",\"orderBy\":\"1\"}}],\"listeners\":{},\"title\":\"BRFSS: Education vs activity\"}",
      "uiStateJSON": "{}",
      "description": "",
      "version": 1,
      "kibanaSavedObjectMeta": {
        "searchSourceJSON": "{\"index\":\"brfss\",\"query\":{\"query_string\":{\"query\":\"Gender: Male\",\"analyze_wildcard\":true}},\"filter\":[{\"meta\":{\"index\":\"brfss\",\"key\":\"Activity_category\",\"value\":\"Don’t know\",\"disabled\":false,\"negate\":true,\"apply\":true},\"query\":{\"match\":{\"Activity_category\":{\"query\":\"Don’t know\",\"type\":\"phrase\"}}}},{\"meta\":{\"index\":\"brfss\",\"key\":\"Educatio_Level\",\"value\":\" \",\"disabled\":false,\"negate\":true,\"apply\":true},\"query\":{\"match\":{\"Educatio_Level\":{\"query\":\" \",\"type\":\"phrase\"}}}},{\"meta\":{\"index\":\"brfss\",\"key\":\"Educatio_Level\",\"value\":\"Refused\",\"disabled\":false,\"negate\":true,\"apply\":true},\"query\":{\"match\":{\"Educatio_Level\":{\"query\":\"Refused\",\"type\":\"phrase\"}}}}]}"
      }
    }
  },
  {
    "_id": "BRFSS:-Least-Active-States",
    "_type": "visualization",
    "_source": {
      "title": "BRFSS: Least Active States",
      "visState": "{\"type\":\"table\",\"params\":{\"perPage\":10,\"showMeticsAtAllLevels\":false,\"showPartialRows\":false},\"aggs\":[{\"id\":\"1\",\"type\":\"avg\",\"schema\":\"metric\",\"params\":{\"field\":\"Total_Activity_weekly_duration_minutes\"}},{\"id\":\"2\",\"type\":\"terms\",\"schema\":\"bucket\",\"params\":{\"field\":\"State\",\"size\":5,\"order\":\"asc\",\"orderBy\":\"1\",\"json\":\"{\\\"shard_size\\\": 100000}\"}}],\"listeners\":{},\"title\":\"BRFSS: Least Active States\"}",
      "uiStateJSON": "{}",
      "description": "",
      "version": 1,
      "kibanaSavedObjectMeta": {
        "searchSourceJSON": "{\"index\":\"brfss\",\"query\":{\"query_string\":{\"query\":\"Gender: Male AND Total_Activity_weekly_duration_minutes : [0 TO 90000 ]\",\"analyze_wildcard\":true}},\"filter\":[]}"
      }
    }
  },
  {
    "_id": "BRFSS:-Most-Active-States",
    "_type": "visualization",
    "_source": {
      "title": "BRFSS: Most Active States",
      "visState": "{\"type\":\"table\",\"params\":{\"perPage\":10,\"showMeticsAtAllLevels\":false,\"showPartialRows\":false},\"aggs\":[{\"id\":\"1\",\"type\":\"avg\",\"schema\":\"metric\",\"params\":{\"field\":\"Total_Activity_weekly_duration_minutes\"}},{\"id\":\"2\",\"type\":\"terms\",\"schema\":\"bucket\",\"params\":{\"field\":\"State\",\"size\":5,\"order\":\"desc\",\"orderBy\":\"1\",\"json\":\"{\\\"shard_size\\\": 100000}\"}}],\"listeners\":{},\"title\":\"BRFSS: Most Active States\"}",
      "uiStateJSON": "{}",
      "description": "",
      "version": 1,
      "kibanaSavedObjectMeta": {
        "searchSourceJSON": "{\"index\":\"brfss\",\"query\":{\"query_string\":{\"query\":\"Gender: Male AND Total_Activity_weekly_duration_minutes : [0 TO 90000 ]\",\"analyze_wildcard\":true}},\"filter\":[]}"
      }
    }
  },
  {
    "_id": "BRFSS-Nutrition:-Vegetable-consumption-map-(times-per-day-x-100)",
    "_type": "visualization",
    "_source": {
      "title": "BRFSS Nutrition: Vegetable consumption map (times per day x 100)",
      "visState": "{\"type\":\"tile_map\",\"params\":{\"addTooltip\":true,\"heatBlur\":15,\"heatMaxZoom\":16,\"heatMinOpacity\":0.1,\"heatNormalizeData\":true,\"heatRadius\":25,\"isDesaturated\":true,\"mapType\":\"Shaded Geohash Grid\"},\"aggs\":[{\"id\":\"1\",\"type\":\"avg\",\"schema\":\"metric\",\"params\":{\"field\":\"Nutrition_Vegetable_per_day\"}},{\"id\":\"2\",\"type\":\"geohash_grid\",\"schema\":\"segment\",\"params\":{\"field\":\"Coordinates\",\"autoPrecision\":false,\"mapZoom\":4,\"mapCenter\":[38.89103282648849,-89.07714843749999],\"precision\":3}}],\"listeners\":{},\"title\":\"BRFSS Nutrition: Vegetable consumption map (times per day x 100)\"}",
      "uiStateJSON": "{}",
      "description": "",
      "version": 1,
      "kibanaSavedObjectMeta": {
        "searchSourceJSON": "{\"index\":\"brfss\",\"query\":{\"query_string\":{\"analyze_wildcard\":true,\"query\":\"Gender: Male\"}},\"filter\":[]}"
      }
    }
  },
  {
    "_id": "BRFSS-Nutrition:-Fruit-consumption-map-(times-per-day-x-100)",
    "_type": "visualization",
    "_source": {
      "title": "BRFSS Nutrition: Fruit consumption map (times per day x 100)",
      "visState": "{\"type\":\"tile_map\",\"params\":{\"addTooltip\":true,\"heatBlur\":15,\"heatMaxZoom\":16,\"heatMinOpacity\":0.1,\"heatNormalizeData\":true,\"heatRadius\":25,\"isDesaturated\":true,\"mapType\":\"Shaded Geohash Grid\"},\"aggs\":[{\"id\":\"1\",\"type\":\"avg\",\"schema\":\"metric\",\"params\":{\"field\":\"Nutrition_Fruit_times_per_day\"}},{\"id\":\"2\",\"type\":\"geohash_grid\",\"schema\":\"segment\",\"params\":{\"field\":\"Coordinates\",\"autoPrecision\":false,\"mapZoom\":4,\"mapCenter\":[36.949891786813296,-92.3291015625],\"precision\":3}}],\"listeners\":{},\"title\":\"BRFSS Nutrition: Fruit consumption map (times per day x 100)\"}",
      "uiStateJSON": "{}",
      "description": "",
      "version": 1,
      "kibanaSavedObjectMeta": {
        "searchSourceJSON": "{\"index\":\"brfss\",\"query\":{\"query_string\":{\"analyze_wildcard\":true,\"query\":\"Gender: Male\"}},\"filter\":[]}"
      }
    }
  },
  {
    "_id": "BRFSS-Nutrition:-Bean-consumption-map-(times-per-day-x-100)",
    "_type": "visualization",
    "_source": {
      "title": "BRFSS Nutrition: Bean consumption map (times per day x 100)",
      "visState": "{\"type\":\"tile_map\",\"params\":{\"addTooltip\":true,\"heatBlur\":15,\"heatMaxZoom\":16,\"heatMinOpacity\":0.1,\"heatNormalizeData\":true,\"heatRadius\":25,\"isDesaturated\":true,\"mapType\":\"Shaded Geohash Grid\"},\"aggs\":[{\"id\":\"1\",\"type\":\"avg\",\"schema\":\"metric\",\"params\":{\"field\":\"Nutrition_Beans_times_per_day\"}},{\"id\":\"2\",\"type\":\"geohash_grid\",\"schema\":\"segment\",\"params\":{\"field\":\"Coordinates\",\"autoPrecision\":false,\"mapZoom\":4,\"mapCenter\":[37.996162679728116,-93.0322265625],\"precision\":3}}],\"listeners\":{},\"title\":\"BRFSS Nutrition: Bean consumption map (times per day x 100)\"}",
      "uiStateJSON": "{}",
      "description": "",
      "version": 1,
      "kibanaSavedObjectMeta": {
        "searchSourceJSON": "{\"index\":\"brfss\",\"query\":{\"query_string\":{\"analyze_wildcard\":true,\"query\":\"Gender: Male\"}},\"filter\":[]}"
      }
    }
  },
  {
    "_id": "BRFSS-Nutrition:-Binge-days-per-month-(age-ampersand-income)",
    "_type": "visualization",
    "_source": {
      "title": "BRFSS Nutrition: Binge days per month (age & income)",
      "visState": "{\"aggs\":[{\"id\":\"1\",\"params\":{\"field\":\"Alcohol_Binge_days_per_month\"},\"schema\":\"metric\",\"type\":\"avg\"},{\"id\":\"3\",\"params\":{\"field\":\"Demo_income_group\",\"order\":\"asc\",\"orderBy\":\"1\",\"size\":5},\"schema\":\"group\",\"type\":\"terms\"},{\"id\":\"2\",\"params\":{\"field\":\"Age_category\",\"order\":\"desc\",\"orderAgg\":{\"id\":\"2-orderAgg\",\"params\":{\"field\":\"Max_O2_consumption\"},\"schema\":{\"group\":\"none\",\"name\":\"orderAgg\",\"title\":\"Order Agg\",\"aggFilter\":[\"!percentiles\",\"!median\",\"!std_dev\"],\"min\":0,\"max\":null,\"editor\":false,\"params\":[],\"deprecate\":false},\"type\":\"avg\"},\"orderBy\":\"custom\",\"size\":50},\"schema\":\"segment\",\"type\":\"terms\"},{\"id\":\"4\",\"params\":{},\"schema\":\"radius\",\"type\":\"count\"}],\"listeners\":{},\"params\":{\"addLegend\":true,\"addTimeMarker\":false,\"addTooltip\":true,\"defaultYExtents\":true,\"drawLinesBetweenPoints\":true,\"interpolate\":\"linear\",\"radiusRatio\":\"13\",\"scale\":\"linear\",\"setYExtents\":false,\"shareYAxis\":true,\"showCircles\":false,\"smoothLines\":true,\"times\":[],\"yAxis\":{}},\"type\":\"line\",\"title\":\"BRFSS Nutrition: Binge days per month (age & income)\"}",
      "uiStateJSON": "{}",
      "description": "",
      "version": 1,
      "kibanaSavedObjectMeta": {
        "searchSourceJSON": "{\"index\":\"brfss\",\"query\":{\"query_string\":{\"query\":\"Alcohol_Binge_days_per_month: [1 TO 76] AND Gender: Male\",\"analyze_wildcard\":true}},\"filter\":[{\"meta\":{\"disabled\":false,\"index\":\"brfss\",\"key\":\"Age_category\",\"negate\":true,\"value\":\"Don’t know/Refused/Missing\"},\"query\":{\"match\":{\"Age_category\":{\"query\":\"Don’t know/Refused/Missing\",\"type\":\"phrase\"}}}},{\"meta\":{\"apply\":true,\"disabled\":false,\"index\":\"brfss\",\"key\":\"Demo_income_group\",\"negate\":true,\"value\":\"Don’t know/Not sure/Missing\"},\"query\":{\"match\":{\"Demo_income_group\":{\"query\":\"Don’t know/Not sure/Missing\",\"type\":\"phrase\"}}}}]}"
      }
    }
  },
  {
    "_id": "BRFSS:-Strength-guidelines",
    "_type": "visualization",
    "_source": {
      "title": "BRFSS: Strength guidelines",
      "visState": "{\"type\":\"pie\",\"params\":{\"shareYAxis\":true,\"addTooltip\":true,\"addLegend\":true,\"isDonut\":false},\"aggs\":[{\"id\":\"1\",\"type\":\"count\",\"schema\":\"metric\",\"params\":{}},{\"id\":\"2\",\"type\":\"terms\",\"schema\":\"segment\",\"params\":{\"field\":\"Muscle_strengthening_guideline\",\"size\":5,\"order\":\"desc\",\"orderBy\":\"custom\",\"orderAgg\":{\"id\":\"2-orderAgg\",\"type\":\"avg\",\"schema\":{\"group\":\"none\",\"name\":\"orderAgg\",\"title\":\"Order Agg\",\"aggFilter\":[\"!percentiles\",\"!median\",\"!std_dev\"],\"min\":0,\"max\":null,\"editor\":false,\"params\":[],\"deprecate\":false},\"params\":{\"field\":\"Strength_Activity_Weekly_frequency\"}}}}],\"listeners\":{},\"title\":\"BRFSS: Strength guidelines\"}",
      "uiStateJSON": "{}",
      "description": "",
      "version": 1,
      "kibanaSavedObjectMeta": {
        "searchSourceJSON": "{\"index\":\"brfss\",\"query\":{\"query_string\":{\"query\":\"Gender: Male\",\"analyze_wildcard\":true}},\"filter\":[{\"meta\":{\"index\":\"brfss\",\"key\":\"Muscle_strengthening_guideline\",\"value\":\"Missing\",\"disabled\":false,\"negate\":true},\"query\":{\"match\":{\"Muscle_strengthening_guideline\":{\"query\":\"Missing\",\"type\":\"phrase\"}}}}]}"
      }
    }
  },
  {
    "_id": "BRFSS:-Interview-time-vs-fitness",
    "_type": "visualization",
    "_source": {
      "title": "BRFSS: Interview time vs fitness",
      "visState": "{\"type\":\"area\",\"params\":{\"addLegend\":true,\"addTimeMarker\":false,\"addTooltip\":true,\"defaultYExtents\":false,\"interpolate\":\"linear\",\"mode\":\"percentage\",\"scale\":\"linear\",\"setYExtents\":false,\"shareYAxis\":true,\"smoothLines\":false,\"times\":[],\"yAxis\":{}},\"aggs\":[{\"id\":\"1\",\"type\":\"count\",\"schema\":\"metric\",\"params\":{}},{\"id\":\"2\",\"type\":\"date_histogram\",\"schema\":\"segment\",\"params\":{\"field\":\"Interview_Date\",\"interval\":\"d\",\"customInterval\":\"2h\",\"min_doc_count\":1,\"extended_bounds\":{}}},{\"id\":\"3\",\"type\":\"terms\",\"schema\":\"group\",\"params\":{\"field\":\"Activity_index\",\"size\":5,\"order\":\"desc\",\"orderBy\":\"1\"}}],\"listeners\":{},\"title\":\"BRFSS: Interview time vs fitness\"}",
      "uiStateJSON": "{}",
      "description": "",
      "version": 1,
      "kibanaSavedObjectMeta": {
        "searchSourceJSON": "{\"index\":\"brfss\",\"query\":{\"query_string\":{\"query\":\"Gender: Male\",\"analyze_wildcard\":true}},\"filter\":[{\"meta\":{\"index\":\"brfss\",\"key\":\"Activity_index\",\"value\":\"Don’t know\",\"disabled\":false,\"negate\":true,\"apply\":true},\"query\":{\"match\":{\"Activity_index\":{\"query\":\"Don’t know\",\"type\":\"phrase\"}}}}]}"
      }
    }
  },
  {
    "_id": "BRFSS-Nutrition:-Fruit-juice-consumption-(times-per-day-x-100)",
    "_type": "visualization",
    "_source": {
      "title": "BRFSS Nutrition: Fruit juice consumption (times per day x 100)",
      "visState": "{\"type\":\"histogram\",\"params\":{\"shareYAxis\":true,\"addTooltip\":true,\"addLegend\":true,\"scale\":\"linear\",\"mode\":\"stacked\",\"times\":[],\"addTimeMarker\":false,\"defaultYExtents\":false,\"setYExtents\":false,\"yAxis\":{}},\"aggs\":[{\"id\":\"3\",\"type\":\"terms\",\"schema\":\"segment\",\"params\":{\"field\":\"State\",\"size\":55,\"order\":\"desc\",\"orderBy\":\"2\"}},{\"id\":\"2\",\"type\":\"avg\",\"schema\":\"metric\",\"params\":{\"field\":\"Nutrition_Fruit_juice_times_per_day\"}}],\"listeners\":{},\"title\":\"BRFSS Nutrition: Fruit juice consumption (times per day x 100)\"}",
      "uiStateJSON": "{}",
      "description": "",
      "version": 1,
      "kibanaSavedObjectMeta": {
        "searchSourceJSON": "{\"index\":\"brfss\",\"query\":{\"query_string\":{\"query\":\"Gender: Male\",\"analyze_wildcard\":true}},\"filter\":[]}"
      }
    }
  },
  {
    "_id": "BRFSS:-Weekly-activity-map",
    "_type": "visualization",
    "_source": {
      "title": "BRFSS: Weekly activity map",
      "visState": "{\"type\":\"tile_map\",\"params\":{\"mapType\":\"Shaded Geohash Grid\",\"isDesaturated\":true,\"heatMaxZoom\":16,\"heatMinOpacity\":0.1,\"heatRadius\":25,\"heatBlur\":15,\"heatNormalizeData\":true,\"addTooltip\":true},\"aggs\":[{\"id\":\"1\",\"type\":\"avg\",\"schema\":\"metric\",\"params\":{\"field\":\"Total_Activity_weekly_duration_minutes\"}},{\"id\":\"2\",\"type\":\"geohash_grid\",\"schema\":\"segment\",\"params\":{\"field\":\"Coordinates\",\"autoPrecision\":false,\"mapZoom\":4,\"mapCenter\":[39.605688178320804,-95.0537109375],\"precision\":3}}],\"listeners\":{},\"title\":\"BRFSS: Weekly activity map\"}",
      "uiStateJSON": "{}",
      "description": "",
      "version": 1,
      "kibanaSavedObjectMeta": {
        "searchSourceJSON": "{\"index\":\"brfss\",\"query\":{\"query_string\":{\"query\":\"Gender: Male AND Total_Activity_weekly_duration_minutes : [0 TO 90000 ]\",\"analyze_wildcard\":true}},\"filter\":[]}"
      }
    }
  },
  {
    "_id": "BRFSS-Nutrition:-Monthly-alcohol-consumption-(edu-ampersand-marital)",
    "_type": "visualization",
    "_source": {
      "title": "BRFSS Nutrition: Monthly alcohol consumption (edu & marital)",
      "visState": "{\"title\":\"BRFSS Nutrition: Monthly alcohol consumption (edu & marital)\",\"type\":\"line\",\"params\":{\"addLegend\":true,\"addTimeMarker\":false,\"addTooltip\":true,\"defaultYExtents\":true,\"drawLinesBetweenPoints\":true,\"interpolate\":\"linear\",\"radiusRatio\":\"13\",\"scale\":\"linear\",\"setYExtents\":false,\"shareYAxis\":true,\"showCircles\":false,\"smoothLines\":true,\"times\":[],\"yAxis\":{\"max\":50,\"min\":20},\"legendPosition\":\"right\"},\"aggs\":[{\"id\":\"1\",\"enabled\":true,\"type\":\"avg\",\"schema\":\"metric\",\"params\":{\"field\":\"Alcohol_Drinks_per_month\"}},{\"id\":\"2\",\"enabled\":true,\"type\":\"terms\",\"schema\":\"segment\",\"params\":{\"field\":\"Demo_edu_level\",\"size\":50,\"orderAgg\":{\"id\":\"2-orderAgg\",\"enabled\":true,\"type\":\"count\",\"schema\":\"orderAgg\",\"params\":{}},\"order\":\"desc\",\"orderBy\":\"custom\"}},{\"id\":\"4\",\"enabled\":true,\"type\":\"terms\",\"schema\":\"group\",\"params\":{\"field\":\"Marital\",\"size\":50,\"orderAgg\":{\"id\":\"4-orderAgg\",\"enabled\":true,\"type\":\"avg\",\"schema\":\"orderAgg\",\"params\":{\"field\":\"Drink_occasions_per_day\"}},\"order\":\"desc\",\"orderBy\":\"custom\"}}],\"listeners\":{}}",
      "uiStateJSON": "{}",
      "description": "",
      "version": 1,
      "kibanaSavedObjectMeta": {
        "searchSourceJSON": "{\"index\":\"brfss\",\"query\":{\"query_string\":{\"query\":\"Alcohol_Drinks_per_month: [1 TO 9998] AND Gender: Male\",\"analyze_wildcard\":true}},\"filter\":[{\"meta\":{\"index\":\"brfss\",\"key\":\"Marital\",\"value\":\"Refused\",\"disabled\":false,\"negate\":true,\"apply\":true,\"alias\":null},\"query\":{\"match\":{\"Marital\":{\"query\":\"Refused\",\"type\":\"phrase\"}}},\"$state\":{\"store\":\"appState\"}},{\"meta\":{\"index\":\"brfss\",\"key\":\"Marital\",\"value\":\" \",\"disabled\":false,\"negate\":true,\"apply\":true,\"alias\":null},\"query\":{\"match\":{\"Marital\":{\"query\":\" \",\"type\":\"phrase\"}}},\"$state\":{\"store\":\"appState\"}},{\"meta\":{\"index\":\"brfss\",\"key\":\"Demo_edu_level\",\"value\":\"Don’t know/Not sure/Missing\",\"disabled\":false,\"negate\":true,\"apply\":true,\"alias\":null},\"query\":{\"match\":{\"Demo_edu_level\":{\"query\":\"Don’t know/Not sure/Missing\",\"type\":\"phrase\"}}},\"$state\":{\"store\":\"appState\"}}]}"
      }
    }
  },
  {
    "_id": "BRFSS-Nutrition:-Binge-Drinking-(edu-ampersand-marital)",
    "_type": "visualization",
    "_source": {
      "title": "BRFSS Nutrition: Binge Drinking (edu & marital)",
      "visState": "{\"title\":\"BRFSS Nutrition: Binge Drinking (edu & marital)\",\"type\":\"line\",\"params\":{\"addLegend\":true,\"addTimeMarker\":false,\"addTooltip\":true,\"defaultYExtents\":true,\"drawLinesBetweenPoints\":true,\"interpolate\":\"linear\",\"radiusRatio\":\"13\",\"scale\":\"linear\",\"setYExtents\":false,\"shareYAxis\":true,\"showCircles\":false,\"smoothLines\":true,\"times\":[],\"yAxis\":{\"max\":50,\"min\":20},\"legendPosition\":\"right\"},\"aggs\":[{\"id\":\"1\",\"enabled\":true,\"type\":\"avg\",\"schema\":\"metric\",\"params\":{\"field\":\"Alcohol_Binge_days_per_month\"}},{\"id\":\"2\",\"enabled\":true,\"type\":\"terms\",\"schema\":\"segment\",\"params\":{\"field\":\"Demo_edu_level\",\"size\":50,\"orderAgg\":{\"id\":\"2-orderAgg\",\"enabled\":true,\"type\":\"count\",\"schema\":\"orderAgg\",\"params\":{}},\"order\":\"desc\",\"orderBy\":\"custom\"}},{\"id\":\"4\",\"enabled\":true,\"type\":\"terms\",\"schema\":\"group\",\"params\":{\"field\":\"Marital\",\"size\":50,\"orderAgg\":{\"id\":\"4-orderAgg\",\"enabled\":true,\"type\":\"avg\",\"schema\":\"orderAgg\",\"params\":{\"field\":\"Drink_occasions_per_day\"}},\"order\":\"desc\",\"orderBy\":\"custom\"}}],\"listeners\":{}}",
      "uiStateJSON": "{}",
      "description": "",
      "version": 1,
      "kibanaSavedObjectMeta": {
        "searchSourceJSON": "{\"index\":\"brfss\",\"query\":{\"query_string\":{\"analyze_wildcard\":true,\"query\":\"Alcohol_Binge_days_per_month: [1 TO 76] AND Gender: Male\"}},\"filter\":[{\"$state\":{\"store\":\"appState\"},\"meta\":{\"alias\":null,\"apply\":true,\"disabled\":false,\"index\":\"brfss\",\"key\":\"Marital\",\"negate\":true,\"value\":\"Refused\"},\"query\":{\"match\":{\"Marital\":{\"query\":\"Refused\",\"type\":\"phrase\"}}}},{\"$state\":{\"store\":\"appState\"},\"meta\":{\"alias\":null,\"apply\":true,\"disabled\":false,\"index\":\"brfss\",\"key\":\"Marital\",\"negate\":true,\"value\":\" \"},\"query\":{\"match\":{\"Marital\":{\"query\":\" \",\"type\":\"phrase\"}}}},{\"$state\":{\"store\":\"appState\"},\"meta\":{\"alias\":null,\"apply\":true,\"disabled\":false,\"index\":\"brfss\",\"key\":\"Demo_edu_level\",\"negate\":true,\"value\":\"Don’t know/Not sure/Missing\"},\"query\":{\"match\":{\"Demo_edu_level\":{\"query\":\"Don’t know/Not sure/Missing\",\"type\":\"phrase\"}}}}]}"
      }
    }
  }
]